user_id,full_name,email,role,village_id,points,reports_submitted,badges,join_date
USR0001,Arjun Wagh,arjun.wagh1@example.com,Citizen,VLG006,18,2,,2025-11-08
USR0002,Aarav Kulkarni,aarav.kulkarni2@example.com,Citizen,VLG029,48,3,,2018-04-19
USR0003,Suresh Thorat,suresh.thorat3@example.com,Forest Officer,VLG026,0,0,,2018-11-14
USR0004,Reyansh Shelke,reyansh.shelke4@example.com,Administrator,VLG007,0,0,Green Guardian,2018-05-12
USR0005,Vihaan Ghadge,vihaan.ghadge5@example.com,Citizen,VLG021,68,4,,2016-12-18
USR0006,Krishna Shinde,krishna.shinde6@example.com,Citizen,VLG054,49,7,Species Spotter;Top Contributor,2019-02-27
USR0007,Aarav Patil,aarav.patil7@example.com,Citizen,VLG050,9,1,Community Champion,2022-11-27
USR0008,Vikas Kulkarni,vikas.kulkarni8@example.com,Administrator,VLG070,144,8,Species Spotter;Newcomer,2017-11-26
USR0009,Sunita More,sunita.more9@example.com,Forest Officer,VLG064,55,5,Bird Buff,2022-06-25
USR0010,Kavita Kale,kavita.kale10@example.com,Citizen,VLG037,0,0,Bird Buff,2017-11-05
USR0011,Sunita Kulkarni,sunita.kulkarni11@example.com,Forest Officer,VLG013,21,3,Newcomer,2020-01-23
USR0012,Aadhya Bhosale,aadhya.bhosale12@example.com,Administrator,VLG049,8,1,,2017-06-06
USR0013,Manisha Sable,manisha.sable13@example.com,Administrator,VLG071,0,0,Newcomer,2020-09-10
USR0014,Diya Rathod,diya.rathod14@example.com,Citizen,VLG089,96,6,Newcomer,2022-01-10
USR0015,Suresh Rathod,suresh.rathod15@example.com,Forest Officer,VLG094,247,13,Newcomer;Species Spotter,2019-06-09
USR0016,Mahesh Kale,mahesh.kale16@example.com,Administrator,VLG092,15,1,Top Contributor,2025-08-06
USR0017,Mahesh Jadhav,mahesh.jadhav17@example.com,Researcher,VLG016,0,0,,2022-10-03
USR0018,Pooja Jadhav,pooja.jadhav18@example.com,Forest Officer,VLG044,54,3,Verified Observer,2021-05-22
USR0019,Ganesh Salunkhe,ganesh.salunkhe19@example.com,Citizen,VLG058,65,5,Newcomer,2025-03-24
USR0020,Ganesh Gaikwad,ganesh.gaikwad20@example.com,Forest Officer,VLG002,16,1,Newcomer,2024-05-08
USR0021,Myra Wagh,myra.wagh21@example.com,Forest Officer,VLG025,32,4,Top Contributor,2016-06-06
USR0022,Kavya Chavan,kavya.chavan22@example.com,Citizen,VLG007,26,2,Species Spotter,2019-03-29
USR0023,Kavya Shinde,kavya.shinde23@example.com,Researcher,VLG065,0,0,Verified Observer,2025-11-27
USR0024,Rupali Kulkarni,rupali.kulkarni24@example.com,Citizen,VLG035,0,0,,2019-09-25
USR0025,Vikas Shelke,vikas.shelke25@example.com,Administrator,VLG094,0,0,Community Champion,2019-04-06
USR0026,Kavya Kulkarni,kavya.kulkarni26@example.com,Citizen,VLG036,100,20,Bird Buff;Species Spotter;Community Champion;Green Guardian,2026-02-09
USR0027,Vihaan Jadhav,vihaan.jadhav27@example.com,Citizen,VLG066,28,2,Verified Observer,2025-04-15
USR0028,Aarav More,aarav.more28@example.com,Researcher,VLG097,24,3,,2024-08-08
USR0029,Riya Sable,riya.sable29@example.com,Forest Officer,VLG025,30,5,Wetland Watcher;Top Contributor,2016-05-20
USR0030,Myra Deshmukh,myra.deshmukh30@example.com,Citizen,VLG055,54,3,,2023-02-07
USR0031,Riya Shinde,riya.shinde31@example.com,Citizen,VLG087,99,9,Verified Observer;Species Spotter,2016-09-23
USR0032,Vihaan Chavan,vihaan.chavan32@example.com,Citizen,VLG040,90,6,Species Spotter;Bird Buff,2021-07-12
USR0033,Aadhya Gaikwad,aadhya.gaikwad33@example.com,Citizen,VLG005,36,2,Species Spotter,2022-06-30
USR0034,Sarika Pawar,sarika.pawar34@example.com,Citizen,VLG005,9,1,Wetland Watcher,2020-06-13
USR0035,Kavita Jadhav,kavita.jadhav35@example.com,Citizen,VLG011,84,12,Newcomer;Top Contributor;Bird Buff,2019-04-18
USR0036,Rohan Kulkarni,rohan.kulkarni36@example.com,Citizen,VLG093,14,1,Green Guardian,2025-02-12
USR0037,Pari Salunkhe,pari.salunkhe37@example.com,Administrator,VLG013,160,8,Green Guardian;Wetland Watcher,2023-04-22
USR0038,Snehal Thorat,snehal.thorat38@example.com,Forest Officer,VLG068,84,7,Verified Observer,2017-10-23
USR0039,Aadhya Deshmukh,aadhya.deshmukh39@example.com,Forest Officer,VLG075,27,3,Green Guardian,2025-01-09
USR0040,Kavya Jadhav,kavya.jadhav40@example.com,Citizen,VLG025,90,10,Bird Buff;Species Spotter;Verified Observer,2021-02-21
USR0041,Sarika Kale,sarika.kale41@example.com,Citizen,VLG022,0,0,Bird Buff,2025-12-04
USR0042,Riya Jadhav,riya.jadhav42@example.com,Citizen,VLG048,0,0,,2016-08-18
USR0043,Ananya Kale,ananya.kale43@example.com,Citizen,VLG026,64,4,,2019-06-14
USR0044,Anika Pawar,anika.pawar44@example.com,Administrator,VLG041,64,8,Newcomer;Verified Observer,2020-06-30
USR0045,Diya Shelke,diya.shelke45@example.com,Citizen,VLG075,0,0,,2019-02-06
USR0046,Arjun Gaikwad,arjun.gaikwad46@example.com,Citizen,VLG015,7,1,,2025-05-23
USR0047,Rohan Ghadge,rohan.ghadge47@example.com,Forest Officer,VLG032,36,4,Bird Buff,2025-10-04
USR0048,Aadhya Salunkhe,aadhya.salunkhe48@example.com,Researcher,VLG059,0,0,Verified Observer,2016-07-08
USR0049,Nitin Shinde,nitin.shinde49@example.com,Administrator,VLG093,68,4,,2017-05-23
USR0050,Sarika Chavan,sarika.chavan50@example.com,Citizen,VLG096,24,2,,2022-02-08
USR0051,Ganesh Wagh,ganesh.wagh51@example.com,Citizen,VLG077,48,4,Verified Observer,2017-10-13
USR0052,Ishaan Bankar,ishaan.bankar52@example.com,Citizen,VLG083,38,2,,2026-06-23
USR0053,Kavya Bhosale,kavya.bhosale53@example.com,Citizen,VLG089,0,0,,2018-04-08
USR0054,Ananya Kulkarni,ananya.kulkarni54@example.com,Citizen,VLG046,11,1,,2017-08-22
USR0055,Kavita Bhosale,kavita.bhosale55@example.com,Administrator,VLG009,33,3,,2022-01-15
USR0056,Sarika Gaikwad,sarika.gaikwad56@example.com,Citizen,VLG012,0,0,,2022-12-15
USR0057,Arjun Pawar,arjun.pawar57@example.com,Administrator,VLG050,12,2,,2021-01-28
USR0058,Neha More,neha.more58@example.com,Citizen,VLG010,0,0,Verified Observer,2022-01-11
USR0059,Pooja Kulkarni,pooja.kulkarni59@example.com,Researcher,VLG057,0,0,Verified Observer,2018-06-26
USR0060,Vivaan Ghadge,vivaan.ghadge60@example.com,Citizen,VLG055,0,0,,2025-12-08
USR0061,Ganesh Shinde,ganesh.shinde61@example.com,Citizen,VLG020,30,2,,2024-11-20
USR0062,Mahesh Jadhav,mahesh.jadhav62@example.com,Researcher,VLG013,128,8,Species Spotter;Newcomer,2020-12-02
USR0063,Rupali More,rupali.more63@example.com,Administrator,VLG082,66,11,Bird Buff;Species Spotter,2019-02-16
USR0064,Sunita Kale,sunita.kale64@example.com,Administrator,VLG036,28,2,,2023-05-09
USR0065,Ramesh Joshi,ramesh.joshi65@example.com,Citizen,VLG033,36,2,Species Spotter,2025-08-01
USR0066,Myra Sable,myra.sable66@example.com,Citizen,VLG033,56,4,Green Guardian,2025-12-17
USR0067,Sai Pawar,sai.pawar67@example.com,Forest Officer,VLG057,20,1,Green Guardian,2024-11-28
USR0068,Kavita Salunkhe,kavita.salunkhe68@example.com,Citizen,VLG053,0,0,Newcomer,2020-09-01
USR0069,Aditya Chavan,aditya.chavan69@example.com,Administrator,VLG087,0,0,Species Spotter,2025-05-03
USR0070,Sarika Deshmukh,sarika.deshmukh70@example.com,Citizen,VLG062,20,4,Verified Observer,2025-06-27
USR0071,Rupali Shelke,rupali.shelke71@example.com,Administrator,VLG039,60,6,Community Champion,2020-01-20
USR0072,Ira Kulkarni,ira.kulkarni72@example.com,Citizen,VLG033,24,4,Community Champion,2021-01-01
USR0073,Sunita Gaikwad,sunita.gaikwad73@example.com,Citizen,VLG083,72,4,Species Spotter,2023-01-20
USR0074,Aditya Sable,aditya.sable74@example.com,Citizen,VLG048,28,2,,2016-07-28
USR0075,Aditya Rathod,aditya.rathod75@example.com,Researcher,VLG090,44,4,,2022-07-16
USR0076,Priya Sable,priya.sable76@example.com,Citizen,VLG096,0,0,,2017-12-05
USR0077,Prakash Wagh,prakash.wagh77@example.com,Researcher,VLG023,64,4,Top Contributor,2019-02-21
USR0078,Sunita Rathod,sunita.rathod78@example.com,Citizen,VLG008,27,3,,2025-02-27
USR0079,Ganesh Sable,ganesh.sable79@example.com,Citizen,VLG057,50,5,Species Spotter,2021-05-29
USR0080,Prakash Shinde,prakash.shinde80@example.com,Administrator,VLG057,0,0,,2026-06-19
USR0081,Suresh Salunkhe,suresh.salunkhe81@example.com,Citizen,VLG081,60,6,Green Guardian;Top Contributor,2024-08-22
USR0082,Rohan Ghadge,rohan.ghadge82@example.com,Researcher,VLG079,52,4,,2019-04-02
USR0083,Rupali Wagh,rupali.wagh83@example.com,Citizen,VLG081,68,4,Verified Observer,2020-08-10
USR0084,Sai Kulkarni,sai.kulkarni84@example.com,Researcher,VLG051,14,2,,2018-10-10
USR0085,Vivaan Wagh,vivaan.wagh85@example.com,Citizen,VLG089,252,14,Top Contributor;Community Champion,2016-01-29
USR0086,Suresh Gaikwad,suresh.gaikwad86@example.com,Citizen,VLG074,0,0,Community Champion,2026-04-23
USR0087,Rupali Kale,rupali.kale87@example.com,Forest Officer,VLG059,14,1,Bird Buff,2020-06-02
USR0088,Arjun Gaikwad,arjun.gaikwad88@example.com,Citizen,VLG087,6,1,,2021-11-05
USR0089,Sunita More,sunita.more89@example.com,Administrator,VLG035,0,0,,2025-09-16
USR0090,Nitin Wagh,nitin.wagh90@example.com,Forest Officer,VLG055,144,9,Green Guardian;Verified Observer,2024-09-21
USR0091,Sai Joshi,sai.joshi91@example.com,Citizen,VLG045,0,0,,2021-09-29
USR0092,Aadhya Bankar,aadhya.bankar92@example.com,Forest Officer,VLG031,57,3,,2025-05-05
USR0093,Ajay Pawar,ajay.pawar93@example.com,Citizen,VLG052,45,3,Verified Observer,2024-03-10
USR0094,Sanjay Bankar,sanjay.bankar94@example.com,Researcher,VLG094,9,1,Community Champion,2025-07-12
USR0095,Pooja Thorat,pooja.thorat95@example.com,Citizen,VLG050,0,0,Community Champion,2025-11-09
USR0096,Vivaan Kulkarni,vivaan.kulkarni96@example.com,Administrator,VLG022,98,7,Community Champion,2017-09-18
USR0097,Aditya Rathod,aditya.rathod97@example.com,Citizen,VLG080,18,1,Community Champion,2021-08-22
USR0098,Sunita Patil,sunita.patil98@example.com,Forest Officer,VLG095,36,3,,2017-07-24
USR0099,Ramesh Jadhav,ramesh.jadhav99@example.com,Citizen,VLG047,64,4,Community Champion,2023-11-26
USR0100,Meena Kulkarni,meena.kulkarni100@example.com,Researcher,VLG025,76,4,Top Contributor,2019-04-22
USR0101,Vihaan Pawar,vihaan.pawar101@example.com,Administrator,VLG010,64,4,Green Guardian,2018-02-17
USR0102,Priya Rathod,priya.rathod102@example.com,Citizen,VLG088,15,1,,2020-01-01
USR0103,Pooja Bankar,pooja.bankar103@example.com,Administrator,VLG089,14,2,Top Contributor,2025-01-10
USR0104,Aarav Wagh,aarav.wagh104@example.com,Citizen,VLG003,13,1,Verified Observer,2021-10-24
USR0105,Vikas Pawar,vikas.pawar105@example.com,Citizen,VLG076,182,13,Green Guardian;Newcomer;Wetland Watcher,2025-06-04
USR0106,Anika Patil,anika.patil106@example.com,Administrator,VLG067,5,1,Green Guardian,2017-09-24
USR0107,Rohan Deshmukh,rohan.deshmukh107@example.com,Citizen,VLG048,0,0,Verified Observer,2023-02-17
USR0108,Priya Chavan,priya.chavan108@example.com,Administrator,VLG014,0,0,Verified Observer,2024-07-17
USR0109,Sarika Bhosale,sarika.bhosale109@example.com,Citizen,VLG083,88,11,Community Champion;Top Contributor;Species Spotter,2023-04-12
USR0110,Pooja Thorat,pooja.thorat110@example.com,Forest Officer,VLG057,5,1,Green Guardian,2023-09-28
USR0111,Sanjay Chavan,sanjay.chavan111@example.com,Researcher,VLG059,80,5,Newcomer,2022-11-13
USR0112,Sanjay Patil,sanjay.patil112@example.com,Citizen,VLG077,117,9,Wetland Watcher;Bird Buff,2018-09-26
USR0113,Ramesh Jadhav,ramesh.jadhav113@example.com,Administrator,VLG034,40,4,,2023-08-19
USR0114,Neha Deshmukh,neha.deshmukh114@example.com,Researcher,VLG025,5,1,Verified Observer,2025-07-26
USR0115,Vivaan Wagh,vivaan.wagh115@example.com,Citizen,VLG024,77,11,Bird Buff;Community Champion;Newcomer,2022-02-02
USR0116,Ira Gaikwad,ira.gaikwad116@example.com,Citizen,VLG014,70,5,Newcomer,2023-06-17
USR0117,Myra Joshi,myra.joshi117@example.com,Researcher,VLG074,17,1,,2025-02-15
USR0118,Neha More,neha.more118@example.com,Forest Officer,VLG008,108,6,Wetland Watcher;Top Contributor,2025-05-29
USR0119,Neha Rathod,neha.rathod119@example.com,Citizen,VLG048,65,5,Species Spotter;Verified Observer,2018-07-30
USR0120,Vikas Patil,vikas.patil120@example.com,Citizen,VLG037,36,2,Bird Buff,2020-12-17
USR0121,Mahesh Gaikwad,mahesh.gaikwad121@example.com,Citizen,VLG073,0,0,,2025-06-24
USR0122,Reyansh Bankar,reyansh.bankar122@example.com,Citizen,VLG049,76,4,,2021-08-02
USR0123,Sanjay Salunkhe,sanjay.salunkhe123@example.com,Citizen,VLG004,119,7,Top Contributor;Wetland Watcher,2025-04-08
USR0124,Manisha Kale,manisha.kale124@example.com,Citizen,VLG099,9,1,,2022-02-24
USR0125,Pari Ghadge,pari.ghadge125@example.com,Researcher,VLG063,18,2,Verified Observer,2025-05-11
USR0126,Reyansh Shinde,reyansh.shinde126@example.com,Citizen,VLG055,5,1,Community Champion,2025-03-04
USR0127,Aarav Joshi,aarav.joshi127@example.com,Citizen,VLG029,5,1,,2020-06-15
USR0128,Sarika Kale,sarika.kale128@example.com,Administrator,VLG088,56,4,,2024-05-16
USR0129,Snehal Deshmukh,snehal.deshmukh129@example.com,Citizen,VLG011,20,1,,2025-03-23
USR0130,Aadhya Joshi,aadhya.joshi130@example.com,Citizen,VLG033,28,4,Newcomer,2022-12-14
USR0131,Manisha Thorat,manisha.thorat131@example.com,Forest Officer,VLG003,5,1,Top Contributor,2025-06-22
USR0132,Aarav Bhosale,aarav.bhosale132@example.com,Citizen,VLG071,15,1,,2019-09-17
USR0133,Sanjay Sable,sanjay.sable133@example.com,Administrator,VLG063,0,0,,2022-01-31
USR0134,Riya Kulkarni,riya.kulkarni134@example.com,Researcher,VLG050,119,17,Green Guardian;Verified Observer;Species Spotter,2022-07-10
USR0135,Kavya Shinde,kavya.shinde135@example.com,Citizen,VLG054,0,0,,2021-10-08
USR0136,Manisha Wagh,manisha.wagh136@example.com,Administrator,VLG076,48,3,,2018-12-07
USR0137,Rupali Shinde,rupali.shinde137@example.com,Citizen,VLG065,48,3,,2025-11-02
USR0138,Sai Wagh,sai.wagh138@example.com,Forest Officer,VLG080,0,0,,2020-09-27
USR0139,Ganesh More,ganesh.more139@example.com,Forest Officer,VLG100,136,8,Community Champion,2017-12-29
USR0140,Aditya Rathod,aditya.rathod140@example.com,Researcher,VLG042,0,0,,2021-07-04
USR0141,Ishaan Bankar,ishaan.bankar141@example.com,Citizen,VLG021,30,3,Community Champion,2020-06-06
USR0142,Ganesh Deshmukh,ganesh.deshmukh142@example.com,Citizen,VLG016,0,0,,2018-11-26
USR0143,Snehal Deshmukh,snehal.deshmukh143@example.com,Citizen,VLG025,76,4,Verified Observer,2020-07-15
USR0144,Aditya Bhosale,aditya.bhosale144@example.com,Forest Officer,VLG096,112,8,Bird Buff;Species Spotter,2023-01-17
USR0145,Priya Thorat,priya.thorat145@example.com,Researcher,VLG055,36,4,,2026-03-07
USR0146,Aditya Jadhav,aditya.jadhav146@example.com,Forest Officer,VLG030,19,1,,2022-10-17
USR0147,Sai Kale,sai.kale147@example.com,Forest Officer,VLG018,117,9,Top Contributor,2017-03-10
USR0148,Kavya Salunkhe,kavya.salunkhe148@example.com,Forest Officer,VLG001,27,3,,2020-01-07
USR0149,Kavita Bhosale,kavita.bhosale149@example.com,Citizen,VLG062,15,1,Community Champion,2022-02-05
USR0150,Sunita Pawar,sunita.pawar150@example.com,Forest Officer,VLG049,91,7,Bird Buff;Verified Observer,2016-04-23
USR0151,Ganesh Joshi,ganesh.joshi151@example.com,Citizen,VLG071,18,1,,2019-02-03
USR0152,Saanvi Pawar,saanvi.pawar152@example.com,Citizen,VLG077,30,6,Green Guardian,2026-01-20
USR0153,Arjun Chavan,arjun.chavan153@example.com,Citizen,VLG017,0,0,Bird Buff,2016-01-20
USR0154,Aadhya Shinde,aadhya.shinde154@example.com,Citizen,VLG073,136,8,Verified Observer;Species Spotter,2016-07-22
USR0155,Pooja Joshi,pooja.joshi155@example.com,Citizen,VLG053,20,1,,2017-03-05
USR0156,Vivaan Deshmukh,vivaan.deshmukh156@example.com,Citizen,VLG068,54,3,Bird Buff,2025-06-16
USR0157,Sanjay Salunkhe,sanjay.salunkhe157@example.com,Forest Officer,VLG070,144,9,Wetland Watcher,2020-01-03
USR0158,Aadhya Shelke,aadhya.shelke158@example.com,Citizen,VLG062,361,19,Wetland Watcher;Newcomer;Community Champion,2020-04-07
USR0159,Arjun Chavan,arjun.chavan159@example.com,Forest Officer,VLG038,0,0,Bird Buff,2022-04-15
USR0160,Rupali Shelke,rupali.shelke160@example.com,Citizen,VLG030,170,10,Verified Observer;Species Spotter;Newcomer,2016-10-18
USR0161,Kavita Bankar,kavita.bankar161@example.com,Citizen,VLG079,28,2,Species Spotter,2022-11-24
USR0162,Suresh Thorat,suresh.thorat162@example.com,Citizen,VLG071,209,11,Species Spotter;Green Guardian,2020-12-18
USR0163,Kavya Pawar,kavya.pawar163@example.com,Administrator,VLG020,45,3,Verified Observer,2025-05-19
USR0164,Pari Kulkarni,pari.kulkarni164@example.com,Citizen,VLG038,10,1,Top Contributor,2025-08-17
USR0165,Ramesh More,ramesh.more165@example.com,Citizen,VLG099,60,4,Species Spotter,2022-05-04
USR0166,Rohan Pawar,rohan.pawar166@example.com,Forest Officer,VLG070,16,2,,2022-06-21
USR0167,Krishna Kale,krishna.kale167@example.com,Citizen,VLG079,42,3,,2021-01-18
USR0168,Ishaan Salunkhe,ishaan.salunkhe168@example.com,Researcher,VLG072,40,2,,2026-02-01
USR0169,Aditya Chavan,aditya.chavan169@example.com,Citizen,VLG067,10,1,Newcomer,2017-02-18
USR0170,Diya Pawar,diya.pawar170@example.com,Citizen,VLG060,30,5,Top Contributor;Bird Buff,2021-06-24
USR0171,Vivaan Wagh,vivaan.wagh171@example.com,Forest Officer,VLG011,54,6,Species Spotter;Green Guardian,2019-08-18
USR0172,Sunita Patil,sunita.patil172@example.com,Researcher,VLG005,64,8,Wetland Watcher,2018-02-14
USR0173,Ananya Rathod,ananya.rathod173@example.com,Citizen,VLG001,6,1,Bird Buff,2019-12-13
USR0174,Kavita Jadhav,kavita.jadhav174@example.com,Citizen,VLG059,45,3,,2017-04-28
USR0175,Mahesh Wagh,mahesh.wagh175@example.com,Citizen,VLG050,0,0,,2026-04-18
USR0176,Reyansh Jadhav,reyansh.jadhav176@example.com,Researcher,VLG038,10,1,,2016-11-15
USR0177,Myra Patil,myra.patil177@example.com,Citizen,VLG063,78,6,Community Champion,2018-02-06
USR0178,Ganesh Gaikwad,ganesh.gaikwad178@example.com,Forest Officer,VLG057,128,8,Verified Observer;Bird Buff,2023-12-20
USR0179,Krishna Thorat,krishna.thorat179@example.com,Administrator,VLG026,40,8,Species Spotter,2024-10-31
USR0180,Krishna Rathod,krishna.rathod180@example.com,Citizen,VLG047,56,4,,2023-11-18
USR0181,Ira Bhosale,ira.bhosale181@example.com,Researcher,VLG014,117,9,Bird Buff,2022-05-03
USR0182,Aarav Kale,aarav.kale182@example.com,Forest Officer,VLG099,28,2,,2016-11-17
USR0183,Pari Ghadge,pari.ghadge183@example.com,Citizen,VLG023,0,0,Verified Observer,2021-06-24
USR0184,Rohan Deshmukh,rohan.deshmukh184@example.com,Forest Officer,VLG057,0,0,Newcomer,2023-06-19
USR0185,Priya More,priya.more185@example.com,Researcher,VLG046,18,1,Community Champion,2021-11-06
USR0186,Manisha Rathod,manisha.rathod186@example.com,Forest Officer,VLG094,0,0,,2018-06-20
USR0187,Reyansh Wagh,reyansh.wagh187@example.com,Forest Officer,VLG084,18,1,,2016-11-02
USR0188,Ishaan Shelke,ishaan.shelke188@example.com,Citizen,VLG040,140,10,Green Guardian;Bird Buff;Species Spotter,2023-01-31
USR0189,Snehal Bhosale,snehal.bhosale189@example.com,Forest Officer,VLG092,80,5,Top Contributor;Verified Observer,2021-08-11
USR0190,Vivaan Salunkhe,vivaan.salunkhe190@example.com,Citizen,VLG024,180,9,Verified Observer;Community Champion,2021-10-23
USR0191,Kavita Wagh,kavita.wagh191@example.com,Citizen,VLG087,15,3,,2021-05-01
USR0192,Vikas More,vikas.more192@example.com,Citizen,VLG068,20,2,,2025-10-16
USR0193,Anika More,anika.more193@example.com,Citizen,VLG073,20,1,,2022-10-08
USR0194,Sai Kale,sai.kale194@example.com,Citizen,VLG065,20,1,,2018-12-14
USR0195,Meena Pawar,meena.pawar195@example.com,Citizen,VLG078,52,4,,2016-09-24
USR0196,Priya Bankar,priya.bankar196@example.com,Citizen,VLG038,84,6,Species Spotter,2020-02-17
USR0197,Pari Bankar,pari.bankar197@example.com,Citizen,VLG022,0,0,,2017-09-07
USR0198,Ganesh Bhosale,ganesh.bhosale198@example.com,Citizen,VLG034,95,5,Bird Buff,2018-04-12
USR0199,Arjun Patil,arjun.patil199@example.com,Forest Officer,VLG093,0,0,,2023-04-12
USR0200,Ishaan Bhosale,ishaan.bhosale200@example.com,Citizen,VLG008,64,4,Top Contributor,2018-10-18
USR0201,Neha Wagh,neha.wagh201@example.com,Administrator,VLG099,38,2,Top Contributor,2017-01-18
USR0202,Rohan Jadhav,rohan.jadhav202@example.com,Citizen,VLG021,0,0,Newcomer,2018-10-05
USR0203,Kavya Gaikwad,kavya.gaikwad203@example.com,Citizen,VLG004,24,3,,2019-12-06
USR0204,Aarav Bankar,aarav.bankar204@example.com,Forest Officer,VLG027,0,0,,2020-07-02
USR0205,Vivaan Joshi,vivaan.joshi205@example.com,Citizen,VLG018,63,7,Newcomer;Verified Observer,2016-01-08
USR0206,Snehal More,snehal.more206@example.com,Citizen,VLG091,36,2,Green Guardian,2016-10-09
USR0207,Sanjay Gaikwad,sanjay.gaikwad207@example.com,Citizen,VLG028,7,1,,2018-05-10
USR0208,Suresh Pawar,suresh.pawar208@example.com,Researcher,VLG026,34,2,Community Champion,2017-07-01
USR0209,Rupali Thorat,rupali.thorat209@example.com,Researcher,VLG002,11,1,,2016-12-14
USR0210,Nitin Joshi,nitin.joshi210@example.com,Citizen,VLG095,36,2,,2023-05-20
USR0211,Ramesh Kale,ramesh.kale211@example.com,Citizen,VLG090,272,16,Green Guardian;Verified Observer;Top Contributor,2022-01-29
USR0212,Vihaan Kale,vihaan.kale212@example.com,Citizen,VLG033,95,5,Top Contributor,2024-05-02
USR0213,Suresh Pawar,suresh.pawar213@example.com,Forest Officer,VLG016,12,2,,2023-11-21
USR0214,Neha Gaikwad,neha.gaikwad214@example.com,Researcher,VLG044,34,2,Top Contributor,2023-11-07
USR0215,Priya Jadhav,priya.jadhav215@example.com,Citizen,VLG088,0,0,Newcomer,2018-02-04
USR0216,Pooja Jadhav,pooja.jadhav216@example.com,Citizen,VLG006,42,3,,2022-11-28
USR0217,Aditya Kale,aditya.kale217@example.com,Researcher,VLG083,95,5,Top Contributor;Community Champion,2019-02-03
USR0218,Krishna Ghadge,krishna.ghadge218@example.com,Citizen,VLG061,18,2,Bird Buff,2016-04-19
USR0219,Rupali Bhosale,rupali.bhosale219@example.com,Citizen,VLG025,36,4,,2020-03-05
USR0220,Rupali Joshi,rupali.joshi220@example.com,Citizen,VLG039,45,5,Top Contributor,2018-04-29
USR0221,Ramesh More,ramesh.more221@example.com,Forest Officer,VLG047,0,0,Green Guardian,2018-08-08
USR0222,Mahesh Rathod,mahesh.rathod222@example.com,Citizen,VLG064,33,3,,2018-05-06
USR0223,Mahesh Joshi,mahesh.joshi223@example.com,Forest Officer,VLG042,84,7,Top Contributor,2017-07-29
USR0224,Sunil Shinde,sunil.shinde224@example.com,Citizen,VLG092,0,0,,2020-04-03
USR0225,Saanvi Salunkhe,saanvi.salunkhe225@example.com,Researcher,VLG066,30,6,Verified Observer,2020-05-26
USR0226,Ira Wagh,ira.wagh226@example.com,Administrator,VLG011,192,12,Community Champion;Species Spotter,2026-04-27
USR0227,Ishaan Bankar,ishaan.bankar227@example.com,Citizen,VLG047,0,0,,2019-07-18
USR0228,Pari Ghadge,pari.ghadge228@example.com,Researcher,VLG093,24,2,Verified Observer,2019-09-10
USR0229,Sarika Shelke,sarika.shelke229@example.com,Administrator,VLG081,14,2,,2022-05-17
USR0230,Manisha Ghadge,manisha.ghadge230@example.com,Researcher,VLG030,39,3,,2025-08-19
USR0231,Aditya Pawar,aditya.pawar231@example.com,Citizen,VLG022,20,1,Green Guardian,2023-08-22
USR0232,Snehal Shelke,snehal.shelke232@example.com,Citizen,VLG034,32,2,,2019-02-09
USR0233,Kavya Pawar,kavya.pawar233@example.com,Citizen,VLG070,20,1,,2020-10-23
USR0234,Suresh Bhosale,suresh.bhosale234@example.com,Researcher,VLG073,18,3,Species Spotter,2025-05-29
USR0235,Mahesh Wagh,mahesh.wagh235@example.com,Citizen,VLG034,0,0,,2023-01-25
USR0236,Vihaan Thorat,vihaan.thorat236@example.com,Administrator,VLG002,143,13,Verified Observer;Wetland Watcher,2018-10-18
USR0237,Meena More,meena.more237@example.com,Citizen,VLG014,152,8,Bird Buff;Green Guardian,2019-02-10
USR0238,Neha Bhosale,neha.bhosale238@example.com,Researcher,VLG031,0,0,,2026-05-24
USR0239,Ira Deshmukh,ira.deshmukh239@example.com,Citizen,VLG047,24,4,Bird Buff,2016-05-24
USR0240,Krishna Kale,krishna.kale240@example.com,Researcher,VLG049,99,9,Green Guardian;Verified Observer,2016-08-15
USR0241,Manisha Patil,manisha.patil241@example.com,Forest Officer,VLG097,33,3,Verified Observer,2019-10-28
USR0242,Aarav Rathod,aarav.rathod242@example.com,Citizen,VLG046,18,2,,2021-01-13
USR0243,Vivaan Jadhav,vivaan.jadhav243@example.com,Administrator,VLG010,42,6,Top Contributor;Wetland Watcher,2023-05-05
USR0244,Pari Joshi,pari.joshi244@example.com,Researcher,VLG030,0,0,,2019-07-07
USR0245,Priya Kale,priya.kale245@example.com,Citizen,VLG063,9,1,Newcomer,2016-07-02
USR0246,Snehal Chavan,snehal.chavan246@example.com,Citizen,VLG045,14,1,,2017-01-12
USR0247,Snehal Kale,snehal.kale247@example.com,Citizen,VLG089,5,1,,2019-05-15
USR0248,Riya Wagh,riya.wagh248@example.com,Administrator,VLG060,55,5,Community Champion;Newcomer,2020-02-05
USR0249,Diya Thorat,diya.thorat249@example.com,Citizen,VLG027,165,11,Species Spotter;Green Guardian,2022-09-28
USR0250,Sunita Ghadge,sunita.ghadge250@example.com,Citizen,VLG028,10,2,,2016-11-05
USR0251,Manisha Salunkhe,manisha.salunkhe251@example.com,Citizen,VLG078,0,0,,2019-10-21
USR0252,Sanjay Sable,sanjay.sable252@example.com,Citizen,VLG011,36,3,,2016-05-10
USR0253,Suresh Joshi,suresh.joshi253@example.com,Researcher,VLG039,6,1,Community Champion,2019-04-28
USR0254,Aditya Shinde,aditya.shinde254@example.com,Forest Officer,VLG068,28,2,Species Spotter,2018-05-28
USR0255,Anika Deshmukh,anika.deshmukh255@example.com,Researcher,VLG059,0,0,,2022-10-23
USR0256,Reyansh Kale,reyansh.kale256@example.com,Citizen,VLG063,12,1,,2019-12-04
USR0257,Rohan Bankar,rohan.bankar257@example.com,Administrator,VLG089,105,7,Community Champion;Wetland Watcher,2022-11-14
USR0258,Manisha Shelke,manisha.shelke258@example.com,Researcher,VLG066,32,2,,2020-03-08
USR0259,Ishaan Ghadge,ishaan.ghadge259@example.com,Citizen,VLG043,42,3,,2024-04-03
USR0260,Reyansh Thorat,reyansh.thorat260@example.com,Researcher,VLG033,40,4,,2024-10-22
USR0261,Vikas Joshi,vikas.joshi261@example.com,Forest Officer,VLG091,63,7,Newcomer;Verified Observer,2022-08-01
USR0262,Sunita Rathod,sunita.rathod262@example.com,Administrator,VLG059,84,7,Community Champion,2025-12-10
USR0263,Vihaan Shelke,vihaan.shelke263@example.com,Forest Officer,VLG002,60,5,Species Spotter,2021-06-24
USR0264,Reyansh Deshmukh,reyansh.deshmukh264@example.com,Administrator,VLG032,13,1,Bird Buff,2026-04-05
USR0265,Sunita Patil,sunita.patil265@example.com,Forest Officer,VLG096,7,1,Top Contributor,2025-02-03
USR0266,Sunil Joshi,sunil.joshi266@example.com,Administrator,VLG074,42,6,Top Contributor,2021-10-06
USR0267,Diya Bankar,diya.bankar267@example.com,Administrator,VLG041,57,3,Bird Buff,2020-06-27
USR0268,Sai Shelke,sai.shelke268@example.com,Citizen,VLG002,17,1,Verified Observer,2024-04-20
USR0269,Ishaan Ghadge,ishaan.ghadge269@example.com,Researcher,VLG054,0,0,,2017-03-05
USR0270,Ramesh Joshi,ramesh.joshi270@example.com,Forest Officer,VLG094,7,1,Green Guardian,2023-05-14
USR0271,Mahesh Pawar,mahesh.pawar271@example.com,Researcher,VLG065,6,1,,2021-03-25
USR0272,Saanvi More,saanvi.more272@example.com,Citizen,VLG095,90,6,Top Contributor,2022-09-28
USR0273,Sunil Ghadge,sunil.ghadge273@example.com,Forest Officer,VLG054,153,9,Top Contributor,2019-07-29
USR0274,Ishaan Gaikwad,ishaan.gaikwad274@example.com,Citizen,VLG010,25,5,Wetland Watcher,2017-08-20
USR0275,Ishaan Salunkhe,ishaan.salunkhe275@example.com,Administrator,VLG073,60,4,,2017-03-24
USR0276,Aditya Rathod,aditya.rathod276@example.com,Administrator,VLG031,120,6,Verified Observer;Newcomer,2026-02-24
USR0277,Suresh Shelke,suresh.shelke277@example.com,Citizen,VLG054,0,0,Wetland Watcher,2024-04-12
USR0278,Ishaan Pawar,ishaan.pawar278@example.com,Citizen,VLG020,48,6,Top Contributor,2018-05-13
USR0279,Ira Sable,ira.sable279@example.com,Researcher,VLG080,0,0,,2026-06-11
USR0280,Vihaan Sable,vihaan.sable280@example.com,Forest Officer,VLG096,0,0,,2016-01-20
USR0281,Ganesh Thorat,ganesh.thorat281@example.com,Citizen,VLG009,60,5,Species Spotter;Community Champion,2019-12-21
USR0282,Snehal Rathod,snehal.rathod282@example.com,Citizen,VLG034,16,1,Species Spotter,2019-08-24
USR0283,Sai Gaikwad,sai.gaikwad283@example.com,Citizen,VLG036,36,3,Community Champion,2024-03-11
USR0284,Aadhya Jadhav,aadhya.jadhav284@example.com,Citizen,VLG004,0,0,Top Contributor,2021-01-25
USR0285,Myra Ghadge,myra.ghadge285@example.com,Citizen,VLG031,0,0,,2016-12-14
USR0286,Aadhya More,aadhya.more286@example.com,Citizen,VLG059,0,0,Species Spotter,2017-11-05
USR0287,Kavita Joshi,kavita.joshi287@example.com,Citizen,VLG059,10,1,,2026-07-04
USR0288,Suresh Shelke,suresh.shelke288@example.com,Forest Officer,VLG100,54,3,,2017-09-12
USR0289,Aarav Chavan,aarav.chavan289@example.com,Citizen,VLG005,0,0,Top Contributor,2026-02-03
USR0290,Aditya Shinde,aditya.shinde290@example.com,Citizen,VLG056,110,10,Newcomer;Verified Observer;Wetland Watcher,2018-06-30
USR0291,Sunil Pawar,sunil.pawar291@example.com,Researcher,VLG029,10,1,Community Champion,2019-02-13
USR0292,Ajay Jadhav,ajay.jadhav292@example.com,Citizen,VLG017,24,4,,2023-03-19
USR0293,Riya Shelke,riya.shelke293@example.com,Citizen,VLG072,70,5,Top Contributor,2024-08-18
USR0294,Meena Gaikwad,meena.gaikwad294@example.com,Administrator,VLG072,336,24,Bird Buff;Top Contributor;Newcomer;Wetland Watcher,2023-06-28
USR0295,Meena Rathod,meena.rathod295@example.com,Researcher,VLG002,60,6,Top Contributor;Verified Observer,2024-07-04
USR0296,Ramesh Jadhav,ramesh.jadhav296@example.com,Citizen,VLG049,13,1,Green Guardian,2023-03-04
USR0297,Sunita Patil,sunita.patil297@example.com,Citizen,VLG039,10,1,Green Guardian,2020-03-12
USR0298,Snehal Pawar,snehal.pawar298@example.com,Citizen,VLG019,100,5,Verified Observer,2025-05-20
USR0299,Riya Gaikwad,riya.gaikwad299@example.com,Citizen,VLG027,6,1,,2026-03-06
USR0300,Sai Patil,sai.patil300@example.com,Administrator,VLG100,14,1,,2025-04-01
USR0301,Priya Deshmukh,priya.deshmukh301@example.com,Administrator,VLG036,32,4,Bird Buff,2018-11-23
USR0302,Snehal Kulkarni,snehal.kulkarni302@example.com,Citizen,VLG036,26,2,Green Guardian,2016-10-28
USR0303,Manisha Chavan,manisha.chavan303@example.com,Citizen,VLG019,0,0,,2016-08-25
USR0304,Vivaan Patil,vivaan.patil304@example.com,Citizen,VLG035,36,3,,2023-12-23
USR0305,Sanjay More,sanjay.more305@example.com,Forest Officer,VLG004,0,0,Wetland Watcher,2021-03-08
USR0306,Aarav Bhosale,aarav.bhosale306@example.com,Citizen,VLG028,18,2,Wetland Watcher,2016-10-11
USR0307,Anika Pawar,anika.pawar307@example.com,Forest Officer,VLG018,143,11,Newcomer;Bird Buff,2022-04-13
USR0308,Vivaan Jadhav,vivaan.jadhav308@example.com,Citizen,VLG048,36,2,,2016-09-12
USR0309,Aadhya Bankar,aadhya.bankar309@example.com,Researcher,VLG029,68,4,Community Champion,2019-04-10
USR0310,Saanvi Thorat,saanvi.thorat310@example.com,Citizen,VLG086,11,1,,2024-07-03
USR0311,Rupali Gaikwad,rupali.gaikwad311@example.com,Citizen,VLG089,30,3,,2024-07-28
USR0312,Pooja Chavan,pooja.chavan312@example.com,Citizen,VLG087,20,4,,2018-10-13
USR0313,Ira Shinde,ira.shinde313@example.com,Citizen,VLG085,60,6,Bird Buff;Verified Observer,2021-03-25
USR0314,Prakash More,prakash.more314@example.com,Citizen,VLG037,18,1,Green Guardian,2016-08-06
USR0315,Mahesh Thorat,mahesh.thorat315@example.com,Citizen,VLG060,7,1,Bird Buff,2017-06-02
USR0316,Aarav Ghadge,aarav.ghadge316@example.com,Administrator,VLG042,14,1,Verified Observer,2020-03-08
USR0317,Anika Kale,anika.kale317@example.com,Researcher,VLG065,12,2,,2018-05-13
USR0318,Pooja Sable,pooja.sable318@example.com,Forest Officer,VLG021,42,3,,2023-10-04
USR0319,Suresh Shelke,suresh.shelke319@example.com,Citizen,VLG002,136,8,Green Guardian;Verified Observer,2022-07-06
USR0320,Rohan Ghadge,rohan.ghadge320@example.com,Citizen,VLG017,500,25,Green Guardian;Newcomer;Community Champion;Top Contributor,2020-10-03
USR0321,Arjun Patil,arjun.patil321@example.com,Citizen,VLG019,15,1,Species Spotter,2024-07-30
USR0322,Vihaan Kulkarni,vihaan.kulkarni322@example.com,Citizen,VLG086,0,0,,2022-12-14
USR0323,Ramesh Deshmukh,ramesh.deshmukh323@example.com,Researcher,VLG077,30,6,Verified Observer;Top Contributor,2026-04-17
USR0324,Aditya Bhosale,aditya.bhosale324@example.com,Citizen,VLG049,24,2,,2022-03-23
USR0325,Sunita Ghadge,sunita.ghadge325@example.com,Citizen,VLG052,100,5,Verified Observer;Top Contributor,2021-03-08
USR0326,Ira Salunkhe,ira.salunkhe326@example.com,Citizen,VLG084,52,4,Wetland Watcher,2024-11-22
USR0327,Snehal Deshmukh,snehal.deshmukh327@example.com,Citizen,VLG032,64,4,,2017-09-25
USR0328,Riya Bhosale,riya.bhosale328@example.com,Citizen,VLG061,144,8,Bird Buff,2019-03-26
USR0329,Arjun Deshmukh,arjun.deshmukh329@example.com,Citizen,VLG008,36,3,,2018-12-29
USR0330,Mahesh Chavan,mahesh.chavan330@example.com,Researcher,VLG030,0,0,,2018-07-02
USR0331,Sunil Ghadge,sunil.ghadge331@example.com,Forest Officer,VLG003,0,0,,2026-06-22
USR0332,Anika Bankar,anika.bankar332@example.com,Citizen,VLG050,154,14,Bird Buff;Newcomer;Verified Observer,2019-04-04
USR0333,Neha Bhosale,neha.bhosale333@example.com,Citizen,VLG089,9,1,Verified Observer,2016-04-26
USR0334,Diya Thorat,diya.thorat334@example.com,Citizen,VLG045,15,1,Wetland Watcher,2026-01-13
USR0335,Pooja Sable,pooja.sable335@example.com,Citizen,VLG070,40,4,Bird Buff,2024-07-03
USR0336,Ganesh Bankar,ganesh.bankar336@example.com,Forest Officer,VLG082,12,2,Green Guardian,2024-04-25
USR0337,Ishaan Shinde,ishaan.shinde337@example.com,Administrator,VLG059,76,4,,2021-06-23
USR0338,Aadhya Wagh,aadhya.wagh338@example.com,Citizen,VLG078,28,4,Species Spotter,2024-12-10
USR0339,Vivaan Kulkarni,vivaan.kulkarni339@example.com,Citizen,VLG068,16,2,,2024-12-11
USR0340,Myra Chavan,myra.chavan340@example.com,Administrator,VLG037,0,0,,2017-07-13
USR0341,Snehal Patil,snehal.patil341@example.com,Citizen,VLG056,64,8,Verified Observer,2019-06-26
USR0342,Ajay Kulkarni,ajay.kulkarni342@example.com,Forest Officer,VLG052,0,0,Top Contributor,2023-09-13
USR0343,Ajay Wagh,ajay.wagh343@example.com,Citizen,VLG076,24,2,Newcomer,2021-07-30
USR0344,Myra Wagh,myra.wagh344@example.com,Researcher,VLG069,45,9,Wetland Watcher,2024-03-15
USR0345,Snehal Bhosale,snehal.bhosale345@example.com,Citizen,VLG088,143,11,Verified Observer;Top Contributor;Bird Buff,2021-12-05
USR0346,Aarav Shinde,aarav.shinde346@example.com,Researcher,VLG071,30,3,,2016-11-13
USR0347,Kavita Patil,kavita.patil347@example.com,Citizen,VLG077,119,7,Newcomer,2025-04-23
USR0348,Sunita Gaikwad,sunita.gaikwad348@example.com,Citizen,VLG009,76,4,Newcomer,2017-10-24
USR0349,Snehal Shinde,snehal.shinde349@example.com,Researcher,VLG034,18,2,,2025-04-23
USR0350,Aditya Chavan,aditya.chavan350@example.com,Citizen,VLG002,10,2,Green Guardian,2021-11-28
USR0351,Snehal Kulkarni,snehal.kulkarni351@example.com,Citizen,VLG079,0,0,Community Champion,2017-07-27
USR0352,Kavita Thorat,kavita.thorat352@example.com,Citizen,VLG096,32,2,Green Guardian,2022-12-27
USR0353,Pooja Salunkhe,pooja.salunkhe353@example.com,Citizen,VLG008,32,2,Species Spotter,2018-06-23
USR0354,Pari Jadhav,pari.jadhav354@example.com,Citizen,VLG092,10,2,Species Spotter,2025-05-09
USR0355,Ramesh Kulkarni,ramesh.kulkarni355@example.com,Citizen,VLG064,20,1,,2020-05-05
USR0356,Ananya Joshi,ananya.joshi356@example.com,Citizen,VLG064,144,8,Bird Buff,2024-07-10
USR0357,Rohan Jadhav,rohan.jadhav357@example.com,Citizen,VLG068,0,0,,2016-01-06
USR0358,Sunita Ghadge,sunita.ghadge358@example.com,Citizen,VLG084,0,0,Verified Observer,2023-02-16
USR0359,Ishaan Shelke,ishaan.shelke359@example.com,Citizen,VLG037,28,4,,2022-05-25
USR0360,Vikas Shelke,vikas.shelke360@example.com,Citizen,VLG014,32,2,,2023-11-04
USR0361,Sarika Gaikwad,sarika.gaikwad361@example.com,Researcher,VLG031,70,7,Verified Observer,2023-04-08
USR0362,Suresh Jadhav,suresh.jadhav362@example.com,Citizen,VLG036,20,1,,2025-06-17
USR0363,Ramesh Wagh,ramesh.wagh363@example.com,Citizen,VLG028,70,7,Top Contributor,2017-04-01
USR0364,Rohan Patil,rohan.patil364@example.com,Citizen,VLG047,0,0,Verified Observer,2017-02-09
USR0365,Pooja Chavan,pooja.chavan365@example.com,Citizen,VLG098,380,19,Newcomer;Top Contributor;Verified Observer,2026-04-22
USR0366,Saanvi Chavan,saanvi.chavan366@example.com,Citizen,VLG013,195,13,Green Guardian;Wetland Watcher,2025-11-21
USR0367,Ramesh Ghadge,ramesh.ghadge367@example.com,Citizen,VLG014,112,14,Verified Observer;Newcomer,2019-05-02
USR0368,Snehal Gaikwad,snehal.gaikwad368@example.com,Citizen,VLG006,0,0,,2023-08-15
USR0369,Anika Deshmukh,anika.deshmukh369@example.com,Administrator,VLG093,130,10,Verified Observer;Community Champion,2023-03-03
USR0370,Manisha Ghadge,manisha.ghadge370@example.com,Forest Officer,VLG071,56,4,Wetland Watcher,2024-06-13
USR0371,Myra Wagh,myra.wagh371@example.com,Forest Officer,VLG024,10,2,Newcomer,2019-04-04
USR0372,Sai Thorat,sai.thorat372@example.com,Citizen,VLG044,12,1,,2016-02-14
USR0373,Mahesh Jadhav,mahesh.jadhav373@example.com,Citizen,VLG010,144,9,Green Guardian,2018-02-25
USR0374,Manisha Sable,manisha.sable374@example.com,Forest Officer,VLG061,0,0,,2025-12-20
USR0375,Mahesh Kulkarni,mahesh.kulkarni375@example.com,Administrator,VLG017,112,7,Wetland Watcher;Verified Observer,2024-04-15
USR0376,Meena Bhosale,meena.bhosale376@example.com,Citizen,VLG029,20,1,Verified Observer,2021-07-03
USR0377,Reyansh Sable,reyansh.sable377@example.com,Forest Officer,VLG078,16,2,Green Guardian,2018-09-09
USR0378,Diya Shinde,diya.shinde378@example.com,Researcher,VLG061,33,3,,2017-03-10
USR0379,Priya Salunkhe,priya.salunkhe379@example.com,Researcher,VLG068,160,8,Top Contributor;Wetland Watcher,2016-12-30
USR0380,Rohan Salunkhe,rohan.salunkhe380@example.com,Citizen,VLG036,0,0,,2021-06-01
USR0381,Sanjay Bankar,sanjay.bankar381@example.com,Citizen,VLG001,54,9,Green Guardian,2019-11-06
USR0382,Myra Bankar,myra.bankar382@example.com,Forest Officer,VLG012,0,0,,2018-05-01
USR0383,Nitin Deshmukh,nitin.deshmukh383@example.com,Forest Officer,VLG072,80,8,Species Spotter,2023-06-17
USR0384,Sanjay Salunkhe,sanjay.salunkhe384@example.com,Citizen,VLG014,153,9,Species Spotter,2020-08-29
USR0385,Myra Deshmukh,myra.deshmukh385@example.com,Administrator,VLG083,25,5,Top Contributor,2021-01-08
USR0386,Ajay Shelke,ajay.shelke386@example.com,Citizen,VLG099,0,0,,2021-08-23
USR0387,Vivaan Bhosale,vivaan.bhosale387@example.com,Forest Officer,VLG090,20,1,Species Spotter,2019-09-21
USR0388,Saanvi Rathod,saanvi.rathod388@example.com,Citizen,VLG067,27,3,,2018-06-29
USR0389,Mahesh Patil,mahesh.patil389@example.com,Administrator,VLG071,0,0,Species Spotter,2022-07-12
USR0390,Prakash Jadhav,prakash.jadhav390@example.com,Citizen,VLG051,54,6,Newcomer;Green Guardian,2017-12-15
USR0391,Ajay Rathod,ajay.rathod391@example.com,Citizen,VLG046,0,0,,2025-12-30
USR0392,Aditya Shinde,aditya.shinde392@example.com,Citizen,VLG015,60,4,,2025-12-29
USR0393,Priya Joshi,priya.joshi393@example.com,Citizen,VLG038,15,3,Community Champion,2021-04-29
USR0394,Sai Shelke,sai.shelke394@example.com,Citizen,VLG031,0,0,Bird Buff,2019-08-30
USR0395,Vikas Patil,vikas.patil395@example.com,Citizen,VLG021,33,3,,2019-04-30
USR0396,Reyansh Bhosale,reyansh.bhosale396@example.com,Administrator,VLG080,126,7,Green Guardian;Top Contributor,2026-07-01
USR0397,Aadhya Rathod,aadhya.rathod397@example.com,Administrator,VLG059,48,4,,2019-07-31
USR0398,Sunita Joshi,sunita.joshi398@example.com,Citizen,VLG068,32,4,Community Champion,2023-02-18
USR0399,Neha Sable,neha.sable399@example.com,Administrator,VLG094,20,4,Newcomer,2017-03-04
USR0400,Riya Sable,riya.sable400@example.com,Citizen,VLG092,20,2,,2025-01-26
USR0401,Aarav Ghadge,aarav.ghadge401@example.com,Citizen,VLG087,36,2,Verified Observer,2023-07-18
USR0402,Saanvi Salunkhe,saanvi.salunkhe402@example.com,Citizen,VLG035,0,0,,2019-01-18
USR0403,Sai Shinde,sai.shinde403@example.com,Citizen,VLG057,0,0,,2025-05-17
USR0404,Arjun Rathod,arjun.rathod404@example.com,Forest Officer,VLG003,22,2,,2017-10-30
USR0405,Aarav Joshi,aarav.joshi405@example.com,Researcher,VLG042,51,3,Top Contributor,2021-05-23
USR0406,Pooja Salunkhe,pooja.salunkhe406@example.com,Forest Officer,VLG042,11,1,,2023-01-01
USR0407,Ganesh Wagh,ganesh.wagh407@example.com,Administrator,VLG036,57,3,Green Guardian,2019-07-24
USR0408,Sarika More,sarika.more408@example.com,Citizen,VLG011,24,4,Top Contributor,2020-05-16
USR0409,Myra Patil,myra.patil409@example.com,Citizen,VLG055,0,0,,2017-06-04
USR0410,Suresh Jadhav,suresh.jadhav410@example.com,Citizen,VLG013,56,4,Green Guardian,2018-02-24
USR0411,Krishna Pawar,krishna.pawar411@example.com,Citizen,VLG095,77,7,Bird Buff,2024-11-06
USR0412,Ananya Pawar,ananya.pawar412@example.com,Administrator,VLG062,95,5,Species Spotter;Wetland Watcher,2018-04-08
USR0413,Kavita Kulkarni,kavita.kulkarni413@example.com,Citizen,VLG087,0,0,Species Spotter,2026-02-21
USR0414,Nitin Chavan,nitin.chavan414@example.com,Forest Officer,VLG026,15,1,Wetland Watcher,2020-08-20
USR0415,Arjun Deshmukh,arjun.deshmukh415@example.com,Forest Officer,VLG096,14,2,,2020-05-12
USR0416,Neha Bhosale,neha.bhosale416@example.com,Forest Officer,VLG033,16,2,Top Contributor,2024-03-16
USR0417,Kavita Bankar,kavita.bankar417@example.com,Citizen,VLG047,0,0,Green Guardian,2026-04-22
USR0418,Vivaan Pawar,vivaan.pawar418@example.com,Citizen,VLG057,63,9,Top Contributor;Community Champion,2018-11-09
USR0419,Vihaan Ghadge,vihaan.ghadge419@example.com,Administrator,VLG049,77,11,Green Guardian;Community Champion;Verified Observer,2021-05-21
USR0420,Saanvi Salunkhe,saanvi.salunkhe420@example.com,Researcher,VLG062,0,0,Newcomer,2022-11-30
USR0421,Sai Pawar,sai.pawar421@example.com,Administrator,VLG095,15,1,Newcomer,2020-08-08
USR0422,Nitin Sable,nitin.sable422@example.com,Citizen,VLG031,0,0,,2018-01-08
USR0423,Rupali Pawar,rupali.pawar423@example.com,Citizen,VLG029,38,2,,2018-03-22
USR0424,Meena Ghadge,meena.ghadge424@example.com,Citizen,VLG056,102,6,Community Champion,2021-09-18
USR0425,Snehal Gaikwad,snehal.gaikwad425@example.com,Administrator,VLG062,8,1,,2016-08-07
USR0426,Vikas Joshi,vikas.joshi426@example.com,Citizen,VLG030,19,1,Green Guardian,2020-05-15
USR0427,Krishna Kulkarni,krishna.kulkarni427@example.com,Researcher,VLG084,40,2,,2025-06-28
USR0428,Kavita Gaikwad,kavita.gaikwad428@example.com,Citizen,VLG053,18,2,,2022-04-03
USR0429,Vikas Bankar,vikas.bankar429@example.com,Citizen,VLG053,204,12,Verified Observer;Green Guardian,2021-05-03
USR0430,Diya More,diya.more430@example.com,Forest Officer,VLG098,0,0,,2018-01-07
USR0431,Ajay Jadhav,ajay.jadhav431@example.com,Citizen,VLG001,10,1,,2016-07-19
USR0432,Vikas Kale,vikas.kale432@example.com,Forest Officer,VLG015,0,0,Green Guardian,2017-12-18
USR0433,Diya Wagh,diya.wagh433@example.com,Administrator,VLG066,33,3,Community Champion,2021-10-07
USR0434,Vihaan Ghadge,vihaan.ghadge434@example.com,Citizen,VLG077,114,6,Newcomer;Community Champion,2019-11-08
USR0435,Reyansh Ghadge,reyansh.ghadge435@example.com,Administrator,VLG053,35,7,Top Contributor,2025-04-07
USR0436,Pari More,pari.more436@example.com,Administrator,VLG011,90,9,Community Champion;Green Guardian,2018-06-12
USR0437,Ramesh Kale,ramesh.kale437@example.com,Forest Officer,VLG044,10,1,Community Champion,2020-04-01
USR0438,Reyansh Bankar,reyansh.bankar438@example.com,Citizen,VLG003,48,3,Species Spotter,2017-04-22
USR0439,Ishaan More,ishaan.more439@example.com,Researcher,VLG089,66,6,Newcomer,2024-09-08
USR0440,Meena Gaikwad,meena.gaikwad440@example.com,Forest Officer,VLG064,90,5,Green Guardian;Verified Observer,2021-05-14
USR0441,Sarika Jadhav,sarika.jadhav441@example.com,Citizen,VLG075,18,1,,2025-06-18
USR0442,Ananya Shelke,ananya.shelke442@example.com,Administrator,VLG081,48,4,Verified Observer,2024-02-02
USR0443,Aadhya Kulkarni,aadhya.kulkarni443@example.com,Forest Officer,VLG032,96,8,Verified Observer;Community Champion,2026-03-17
USR0444,Pari Salunkhe,pari.salunkhe444@example.com,Citizen,VLG087,0,0,Bird Buff,2022-10-09
USR0445,Krishna Gaikwad,krishna.gaikwad445@example.com,Researcher,VLG062,44,4,Wetland Watcher,2018-04-02
USR0446,Nitin Thorat,nitin.thorat446@example.com,Citizen,VLG069,12,1,,2021-02-17
USR0447,Vihaan Kulkarni,vihaan.kulkarni447@example.com,Citizen,VLG009,18,1,Wetland Watcher,2016-06-15
USR0448,Pari Bankar,pari.bankar448@example.com,Citizen,VLG091,153,9,Bird Buff;Top Contributor,2016-03-23
USR0449,Rohan Kale,rohan.kale449@example.com,Citizen,VLG034,14,1,Newcomer,2017-04-27
USR0450,Diya Patil,diya.patil450@example.com,Citizen,VLG001,70,14,Species Spotter;Green Guardian,2019-09-16
USR0451,Krishna Shinde,krishna.shinde451@example.com,Researcher,VLG002,28,4,Wetland Watcher,2022-05-04
USR0452,Meena More,meena.more452@example.com,Researcher,VLG082,21,3,Top Contributor,2023-02-05
USR0453,Arjun Bankar,arjun.bankar453@example.com,Administrator,VLG039,108,18,Green Guardian;Verified Observer;Community Champion;Wetland Watcher,2016-10-19
USR0454,Sarika Ghadge,sarika.ghadge454@example.com,Researcher,VLG017,19,1,Species Spotter,2023-03-01
USR0455,Rohan Kulkarni,rohan.kulkarni455@example.com,Citizen,VLG059,0,0,Community Champion,2020-03-06
USR0456,Priya Shelke,priya.shelke456@example.com,Forest Officer,VLG021,0,0,Newcomer,2018-08-03
USR0457,Kavya Sable,kavya.sable457@example.com,Forest Officer,VLG065,88,8,Newcomer;Wetland Watcher,2023-12-02
USR0458,Rupali Gaikwad,rupali.gaikwad458@example.com,Citizen,VLG008,65,5,Top Contributor;Newcomer,2020-12-11
USR0459,Kavita Salunkhe,kavita.salunkhe459@example.com,Forest Officer,VLG023,75,5,Species Spotter;Newcomer,2017-08-14
USR0460,Vivaan Gaikwad,vivaan.gaikwad460@example.com,Citizen,VLG038,50,5,Species Spotter,2019-01-28
USR0461,Ishaan Salunkhe,ishaan.salunkhe461@example.com,Citizen,VLG100,90,5,Bird Buff;Verified Observer,2025-03-06
USR0462,Sarika Chavan,sarika.chavan462@example.com,Citizen,VLG094,0,0,Wetland Watcher,2016-05-28
USR0463,Reyansh Deshmukh,reyansh.deshmukh463@example.com,Citizen,VLG087,28,2,Top Contributor,2016-03-14
USR0464,Pooja Gaikwad,pooja.gaikwad464@example.com,Citizen,VLG083,10,1,,2023-03-18
USR0465,Ajay Shelke,ajay.shelke465@example.com,Researcher,VLG085,22,2,Bird Buff,2016-08-16
USR0466,Sunil Kale,sunil.kale466@example.com,Administrator,VLG060,54,3,,2024-03-05
USR0467,Mahesh Rathod,mahesh.rathod467@example.com,Researcher,VLG014,0,0,Verified Observer,2023-05-13
USR0468,Krishna Shinde,krishna.shinde468@example.com,Researcher,VLG097,88,11,Verified Observer;Community Champion,2020-05-23
USR0469,Ananya Pawar,ananya.pawar469@example.com,Forest Officer,VLG065,57,3,,2020-09-07
USR0470,Kavita Deshmukh,kavita.deshmukh470@example.com,Researcher,VLG041,16,1,,2023-09-29
USR0471,Neha Bankar,neha.bankar471@example.com,Citizen,VLG004,315,21,Top Contributor;Green Guardian;Verified Observer;Species Spotter,2024-05-17
USR0472,Pooja Kale,pooja.kale472@example.com,Citizen,VLG097,20,1,,2020-03-25
USR0473,Neha Shelke,neha.shelke473@example.com,Citizen,VLG027,17,1,,2025-10-16
USR0474,Snehal Kulkarni,snehal.kulkarni474@example.com,Administrator,VLG057,300,15,Green Guardian;Community Champion;Newcomer,2022-06-16
USR0475,Aarav Chavan,aarav.chavan475@example.com,Citizen,VLG026,38,2,Verified Observer,2019-04-20
USR0476,Priya More,priya.more476@example.com,Citizen,VLG094,24,3,Species Spotter,2016-02-19
USR0477,Ajay Deshmukh,ajay.deshmukh477@example.com,Citizen,VLG035,0,0,Wetland Watcher,2022-07-21
USR0478,Vikas Patil,vikas.patil478@example.com,Administrator,VLG072,15,3,Bird Buff,2024-09-13
USR0479,Kavya Patil,kavya.patil479@example.com,Citizen,VLG071,0,0,Species Spotter,2022-04-15
USR0480,Nitin Ghadge,nitin.ghadge480@example.com,Administrator,VLG073,20,1,,2020-12-19
USR0481,Ganesh Shinde,ganesh.shinde481@example.com,Citizen,VLG041,17,1,Verified Observer,2024-08-30
USR0482,Suresh Gaikwad,suresh.gaikwad482@example.com,Forest Officer,VLG070,0,0,,2025-01-02
USR0483,Prakash Joshi,prakash.joshi483@example.com,Forest Officer,VLG028,14,1,,2025-08-21
USR0484,Aditya Chavan,aditya.chavan484@example.com,Citizen,VLG090,110,10,Species Spotter;Green Guardian;Newcomer,2018-10-28
USR0485,Saanvi Kale,saanvi.kale485@example.com,Administrator,VLG046,45,5,Wetland Watcher,2018-02-10
USR0486,Diya Bhosale,diya.bhosale486@example.com,Citizen,VLG049,99,9,Community Champion;Wetland Watcher,2017-11-15
USR0487,Ganesh Chavan,ganesh.chavan487@example.com,Citizen,VLG067,0,0,,2026-06-17
USR0488,Myra Wagh,myra.wagh488@example.com,Researcher,VLG038,12,1,Top Contributor,2023-02-19
USR0489,Ramesh Salunkhe,ramesh.salunkhe489@example.com,Citizen,VLG021,18,1,Newcomer,2016-06-05
USR0490,Riya Joshi,riya.joshi490@example.com,Citizen,VLG086,0,0,,2017-09-05
USR0491,Saanvi Kale,saanvi.kale491@example.com,Citizen,VLG077,112,8,Bird Buff;Species Spotter,2022-08-02
USR0492,Kavya Joshi,kavya.joshi492@example.com,Administrator,VLG095,0,0,,2021-08-01
USR0493,Riya Chavan,riya.chavan493@example.com,Citizen,VLG021,0,0,Top Contributor,2016-06-23
USR0494,Diya Gaikwad,diya.gaikwad494@example.com,Researcher,VLG078,24,2,,2024-01-27
USR0495,Diya Deshmukh,diya.deshmukh495@example.com,Researcher,VLG056,204,12,Wetland Watcher;Community Champion,2018-12-13
USR0496,Reyansh Ghadge,reyansh.ghadge496@example.com,Citizen,VLG028,0,0,,2024-02-18
USR0497,Myra Shinde,myra.shinde497@example.com,Researcher,VLG072,90,5,Top Contributor;Newcomer,2017-06-29
USR0498,Mahesh Rathod,mahesh.rathod498@example.com,Forest Officer,VLG045,19,1,,2020-05-09
USR0499,Prakash Chavan,prakash.chavan499@example.com,Citizen,VLG078,51,3,,2016-10-08
USR0500,Vikas Chavan,vikas.chavan500@example.com,Citizen,VLG018,0,0,,2021-11-13
